Date,Close,Interest Rate - SELIC
16/07/2020,175,2.15
15/07/2020,169.149994,2.15
14/07/2020,169.100006,2.15
13/07/2020,172.699997,2.15
10/07/2020,179.5,2.15
09/07/2020,177,2.15
08/07/2020,194.600006,2.15
07/07/2020,196.5,2.15
06/07/2020,191.770004,2.15
03/07/2020,189,2.15
02/07/2020,190,2.15
01/07/2020,189.889999,2.15
30/06/2020,189.940002,2.15
29/06/2020,188.699997,2.15
26/06/2020,189,2.15
25/06/2020,188,2.15
24/06/2020,187.070007,2.15
23/06/2020,187.320007,2.15
22/06/2020,188.080002,2.15
19/06/2020,191.529999,2.15
18/06/2020,190.949997,2.15
17/06/2020,189.429993,2.9
16/06/2020,189,2.9
15/06/2020,189.369995,2.9
12/06/2020,188.610001,2.9
10/06/2020,189.279999,2.9
09/06/2020,190.800003,2.9
08/06/2020,190.5,2.9
05/06/2020,192.600006,2.9
04/06/2020,187.300003,2.9
03/06/2020,187.380005,2.9
02/06/2020,188.309998,2.9
01/06/2020,183.399994,2.9
29/05/2020,181.949997,2.9
28/05/2020,181,2.9
27/05/2020,177.970001,2.9
26/05/2020,180.75,2.9
25/05/2020,180.199997,2.9
22/05/2020,179.050003,2.9
21/05/2020,175.100006,2.9
20/05/2020,176.979996,2.9
19/05/2020,176.660004,2.9
18/05/2020,175.199997,2.9
15/05/2020,174.470001,2.9
14/05/2020,173.899994,2.9
13/05/2020,173.710007,2.9
12/05/2020,175.800003,2.9
11/05/2020,173.889999,2.9
08/05/2020,169.789993,2.9
07/05/2020,165.550003,2.9
06/05/2020,166,3.65
05/05/2020,165.020004,3.65
04/05/2020,167.990005,3.65
30/04/2020,173,3.65
29/04/2020,176.880005,3.65
28/04/2020,177.199997,3.65
27/04/2020,176.149994,3.65
24/04/2020,177.100006,3.65
23/04/2020,181.979996,3.65
22/04/2020,179.990005,3.65
20/04/2020,177,3.65
17/04/2020,178,3.65
16/04/2020,176.899994,3.65
15/04/2020,173.800003,3.65
14/04/2020,173.850006,3.65
13/04/2020,170.779999,3.65
09/04/2020,170.240005,3.65
08/04/2020,167.800003,3.65
07/04/2020,162.5,3.65
06/04/2020,155.570007,3.65
03/04/2020,152,3.65
02/04/2020,153,3.65
01/04/2020,154,3.65
31/03/2020,158.050003,3.65
30/03/2020,159,3.65
27/03/2020,160.889999,3.65
26/03/2020,158.889999,3.65
25/03/2020,152.509995,3.65
24/03/2020,140,3.65
23/03/2020,133.389999,3.65
20/03/2020,136,3.65
19/03/2020,129.610001,3.65
18/03/2020,117.050003,4.15
17/03/2020,145,4.15
16/03/2020,146,4.15
13/03/2020,155.770004,4.15
12/03/2020,154.100006,4.15
11/03/2020,167.5,4.15
10/03/2020,169.919998,4.15
09/03/2020,168.449997,4.15
06/03/2020,178.039993,4.15
05/03/2020,180.5,4.15
04/03/2020,182.449997,4.15
03/03/2020,179.350006,4.15
02/03/2020,178.309998,4.15
28/02/2020,177.039993,4.15
27/02/2020,178.210007,4.15
21/02/2020,178.5,4.15
20/02/2020,179,4.15
19/02/2020,181,4.15
18/02/2020,186.259995,4.15
17/02/2020,188.75,4.15
14/02/2020,188.570007,4.15
13/02/2020,185.970001,4.15
12/02/2020,186,4.15
11/02/2020,182.589996,4.15
10/02/2020,179,4.15
07/02/2020,181.350006,4.15
06/02/2020,181,4.15
05/02/2020,186.160004,4.4
04/02/2020,187.020004,4.4
03/02/2020,191.699997,4.4
31/01/2020,191.5,4.4
30/01/2020,189.179993,4.4
29/01/2020,190,4.4
28/01/2020,183.300003,4.4
27/01/2020,180.399994,4.4
24/01/2020,182,4.4
23/01/2020,184,4.4
22/01/2020,185.110001,4.4
21/01/2020,189,4.4
20/01/2020,190.199997,4.4
17/01/2020,195.889999,4.4
16/01/2020,198,4.4
15/01/2020,198.779999,4.4
14/01/2020,199.699997,4.4
13/01/2020,198.309998,4.4
10/01/2020,196.039993,4.4
09/01/2020,195.199997,4.4
08/01/2020,199.339996,4.4
07/01/2020,209,4.4
06/01/2020,214.600006,4.4
03/01/2020,221.139999,4.4
02/01/2020,212,4.4
30/12/2019,206.149994,4.4
27/12/2019,202.399994,4.4
26/12/2019,199,4.4
23/12/2019,195.75,4.4
20/12/2019,196.699997,4.4
19/12/2019,192.5,4.4
18/12/2019,193.169998,4.4
17/12/2019,195,4.4
16/12/2019,194.759995,4.4
13/12/2019,193.009995,4.4
12/12/2019,196,4.4
11/12/2019,189.699997,4.9
10/12/2019,187.979996,4.9
09/12/2019,186.869995,4.9
06/12/2019,185.729996,4.9
05/12/2019,184.800003,4.9
04/12/2019,184.839996,4.9
03/12/2019,180.460007,4.9
02/12/2019,180,4.9
29/11/2019,181.550003,4.9
28/11/2019,179.800003,4.9
27/11/2019,178,4.9
26/11/2019,178,4.9
25/11/2019,177.5,4.9
22/11/2019,177.5,4.9
21/11/2019,177.5,4.9
19/11/2019,177.009995,4.9
18/11/2019,175.389999,4.9
14/11/2019,172.199997,4.9
13/11/2019,169.149994,4.9
12/11/2019,169.020004,4.9
11/11/2019,169.869995,4.9
08/11/2019,168.330002,4.9
07/11/2019,169,4.9
06/11/2019,166.839996,4.9
05/11/2019,165.649994,4.9
04/11/2019,163.600006,4.9
01/11/2019,162.100006,4.9
31/10/2019,162.190002,4.9
30/10/2019,162,5.4
29/10/2019,162.550003,5.4
28/10/2019,162.570007,5.4
25/10/2019,161.199997,5.4
24/10/2019,161.850006,5.4
23/10/2019,161.25,5.4
22/10/2019,161.990005,5.4
21/10/2019,162,5.4
18/10/2019,161.360001,5.4
17/10/2019,159.990005,5.4
16/10/2019,159.460007,5.4
15/10/2019,158.880005,5.4
14/10/2019,158.800003,5.4
11/10/2019,157.639999,5.4
10/10/2019,157,5.4
09/10/2019,156.800003,5.4
08/10/2019,155.539993,5.4
07/10/2019,156,5.4
04/10/2019,155,5.4
03/10/2019,154,5.4
02/10/2019,154,5.4
01/10/2019,153.990005,5.4
30/09/2019,154,5.4
27/09/2019,153.75,5.4
26/09/2019,153.5,5.4
25/09/2019,153.449997,5.4
24/09/2019,153.800003,5.4
23/09/2019,153.5,5.4
20/09/2019,153.490005,5.4
19/09/2019,153.800003,5.4
18/09/2019,153.990005,5.9
17/09/2019,154.25,5.9
16/09/2019,153.75,5.9
13/09/2019,154.300003,5.9
12/09/2019,153.75,5.9
11/09/2019,154.300003,5.9
10/09/2019,154.300003,5.9
09/09/2019,154.5,5.9
06/09/2019,154.600006,5.9
05/09/2019,153.979996,5.9
04/09/2019,153.399994,5.9
03/09/2019,152.600006,5.9
02/09/2019,152,5.9
30/08/2019,152.770004,5.9
29/08/2019,151.949997,5.9
28/08/2019,151.649994,5.9
27/08/2019,150.800003,5.9
26/08/2019,150.259995,5.9
23/08/2019,151.699997,5.9
22/08/2019,150.800003,5.9
21/08/2019,150.089996,5.9
20/08/2019,150.990005,5.9
19/08/2019,151,5.9
16/08/2019,151.389999,5.9
15/08/2019,150.25,5.9
14/08/2019,150.839996,5.9
13/08/2019,149.720001,5.9
12/08/2019,149.990005,5.9
09/08/2019,150.5,5.9
08/08/2019,151.830002,5.9
07/08/2019,150.889999,5.9
06/08/2019,152.820007,5.9
05/08/2019,153.800003,5.9
02/08/2019,154.020004,5.9
01/08/2019,154.979996,5.9
31/07/2019,159.850006,6.4
30/07/2019,159.800003,6.4
29/07/2019,159.75,6.4
26/07/2019,158.899994,6.4
25/07/2019,158.699997,6.4
24/07/2019,158.589996,6.4
23/07/2019,158.190002,6.4
22/07/2019,157.100006,6.4
19/07/2019,154.509995,6.4
18/07/2019,155.809998,6.4
17/07/2019,155.899994,6.4
16/07/2019,156.380005,6.4
15/07/2019,152.979996,6.4
12/07/2019,152,6.4
11/07/2019,151.380005,6.4
10/07/2019,151.220001,6.4
08/07/2019,152.100006,6.4
05/07/2019,153.089996,6.4
04/07/2019,153.089996,6.4
03/07/2019,153.5,6.4
02/07/2019,152.380005,6.4
01/07/2019,151.639999,6.4
28/06/2019,148.539993,6.4
27/06/2019,148.160004,6.4
26/06/2019,148,6.4
25/06/2019,147.889999,6.4
24/06/2019,148.300003,6.4
21/06/2019,149,6.4
19/06/2019,147,6.4
18/06/2019,147.699997,6.4
17/06/2019,148.919998,6.4
14/06/2019,149,6.4
13/06/2019,149,6.4
12/06/2019,147.949997,6.4
11/06/2019,149.600006,6.4
10/06/2019,151.490005,6.4
07/06/2019,159.850006,6.4
06/06/2019,158.990005,6.4
05/06/2019,157.309998,6.4
04/06/2019,156.490005,6.4
03/06/2019,154.789993,6.4
31/05/2019,154.800003,6.4
30/05/2019,154.800003,6.4
29/05/2019,154.800003,6.4
28/05/2019,154.809998,6.4
27/05/2019,154.830002,6.4
24/05/2019,154.949997,6.4
23/05/2019,154.479996,6.4
22/05/2019,153.419998,6.4
21/05/2019,154.279999,6.4
20/05/2019,153.009995,6.4
17/05/2019,153.949997,6.4
16/05/2019,153.110001,6.4
15/05/2019,152.910004,6.4
14/05/2019,152.490005,6.4
13/05/2019,148.419998,6.4
10/05/2019,149.339996,6.4
09/05/2019,150.5,6.4
08/05/2019,147.910004,6.4
07/05/2019,149,6.4
06/05/2019,150.5,6.4
03/05/2019,150.990005,6.4
02/05/2019,153.899994,6.4
30/04/2019,157.5,6.4
29/04/2019,158.009995,6.4
26/04/2019,158.710007,6.4
25/04/2019,160.009995,6.4
24/04/2019,160.240005,6.4
23/04/2019,161,6.4
22/04/2019,161.399994,6.4
18/04/2019,162,6.4
17/04/2019,160,6.4
16/04/2019,160,6.4
15/04/2019,158,6.4
12/04/2019,157.009995,6.4
11/04/2019,157.300003,6.4
10/04/2019,157.339996,6.4
09/04/2019,159,6.4
08/04/2019,159,6.4
05/04/2019,158,6.4
04/04/2019,158,6.4
03/04/2019,157.199997,6.4
02/04/2019,156.899994,6.4
01/04/2019,156.770004,6.4
29/03/2019,161.399994,6.4
28/03/2019,160.009995,6.4
27/03/2019,160.600006,6.4
26/03/2019,159,6.4
25/03/2019,159.990005,6.4
22/03/2019,159.690002,6.4
21/03/2019,159.899994,6.4
20/03/2019,159.899994,6.4
19/03/2019,160,6.4
18/03/2019,160.600006,6.4
15/03/2019,160.699997,6.4
14/03/2019,160,6.4
13/03/2019,159.490005,6.4
12/03/2019,158.5,6.4
11/03/2019,157,6.4
08/03/2019,155.649994,6.4
07/03/2019,155.679993,6.4
01/03/2019,152.050003,6.4
28/02/2019,152.5,6.4
27/02/2019,151.240005,6.4
26/02/2019,149.899994,6.4
25/02/2019,145.690002,6.4
22/02/2019,147.119995,6.4
21/02/2019,149.240005,6.4
20/02/2019,151.5,6.4
19/02/2019,149.899994,6.4
18/02/2019,149.899994,6.4
15/02/2019,147.75,6.4
14/02/2019,146,6.4
13/02/2019,146,6.4
12/02/2019,146,6.4
11/02/2019,146.800003,6.4
08/02/2019,145.300003,6.4
07/02/2019,146.050003,6.4
06/02/2019,145.699997,6.4
05/02/2019,146,6.4
04/02/2019,146.130005,6.4
01/02/2019,146.100006,6.4
31/01/2019,145.490005,6.4
30/01/2019,144,6.4
29/01/2019,144.289993,6.4
28/01/2019,144,6.4
24/01/2019,144.550003,6.4
23/01/2019,145,6.4
22/01/2019,145,6.4
21/01/2019,145.940002,6.4
18/01/2019,144.970001,6.4
17/01/2019,144.699997,6.4
16/01/2019,144.949997,6.4
15/01/2019,144.970001,6.4
14/01/2019,144.449997,6.4
11/01/2019,143.600006,6.4
10/01/2019,143.350006,6.4
09/01/2019,143.339996,6.4
08/01/2019,142,6.4
07/01/2019,141.5,6.4
04/01/2019,140.25,6.4
03/01/2019,140.949997,6.4
02/01/2019,140.899994,6.4
28/12/2018,140,6.4
27/12/2018,140,6.4
26/12/2018,139.899994,6.4
21/12/2018,139.600006,6.4
20/12/2018,139.5,6.4
19/12/2018,138.75,6.4
18/12/2018,138.199997,6.4
17/12/2018,138,6.4
14/12/2018,138.5,6.4
13/12/2018,137.75,6.4
12/12/2018,136.800003,6.4
11/12/2018,137.5,6.4
10/12/2018,136.5,6.4
07/12/2018,136.940002,6.4
06/12/2018,135.990005,6.4
05/12/2018,135.809998,6.4
04/12/2018,135.75,6.4
03/12/2018,136.610001,6.4
30/11/2018,136.809998,6.4
29/11/2018,135.830002,6.4
28/11/2018,135.149994,6.4
27/11/2018,134.399994,6.4
26/11/2018,134.589996,6.4
23/11/2018,134.470001,6.4
22/11/2018,134,6.4
21/11/2018,133.5,6.4
19/11/2018,133.75,6.4
16/11/2018,132.929993,6.4
14/11/2018,132.800003,6.4
13/11/2018,133,6.4
12/11/2018,133.100006,6.4
09/11/2018,132.990005,6.4
08/11/2018,133.100006,6.4
07/11/2018,132.800003,6.4
06/11/2018,132.899994,6.4
05/11/2018,132.479996,6.4
01/11/2018,131.850006,6.4
31/10/2018,131.029999,6.4
30/10/2018,131.570007,6.4
29/10/2018,131.160004,6.4
26/10/2018,130.100006,6.4
25/10/2018,129.25,6.4
24/10/2018,128.600006,6.4
23/10/2018,127.230003,6.4
22/10/2018,126.860001,6.4
19/10/2018,126.699997,6.4
18/10/2018,126.580002,6.4
17/10/2018,126.739998,6.4
16/10/2018,126.5,6.4
15/10/2018,126.599998,6.4
11/10/2018,126.300003,6.4
10/10/2018,126.550003,6.4
09/10/2018,126.610001,6.4
08/10/2018,126.489998,6.4
05/10/2018,125.800003,6.4
04/10/2018,125.82,6.4
03/10/2018,126,6.4
02/10/2018,126.300003,6.4
01/10/2018,125.400002,6.4
28/09/2018,126,6.4
27/09/2018,126.25,6.4
26/09/2018,126,6.4
25/09/2018,126.480003,6.4
24/09/2018,127,6.4
21/09/2018,127,6.4
20/09/2018,126.839996,6.4
19/09/2018,126.349998,6.4
18/09/2018,126.349998,6.4
17/09/2018,126.279999,6.4
14/09/2018,126.300003,6.4
13/09/2018,127.169998,6.4
12/09/2018,125.519997,6.4
11/09/2018,125.5,6.4
10/09/2018,125.800003,6.4
06/09/2018,126.239998,6.4
05/09/2018,126.400002,6.4
04/09/2018,126.360001,6.4
03/09/2018,125.879997,6.4
31/08/2018,126.019997,6.4
30/08/2018,126.010002,6.4
29/08/2018,126.300003,6.4
28/08/2018,126,6.4
27/08/2018,126.269997,6.4
24/08/2018,126.599998,6.4
23/08/2018,126.199997,6.4
22/08/2018,126.489998,6.4
21/08/2018,126,6.4
20/08/2018,126.660004,6.4
17/08/2018,126.5,6.4
16/08/2018,126.480003,6.4
15/08/2018,126.120003,6.4
14/08/2018,126.300003,6.4
13/08/2018,126.239998,6.4
10/08/2018,126,6.4
09/08/2018,126.110001,6.4
08/08/2018,126.489998,6.4
07/08/2018,126.489998,6.4
06/08/2018,126.150002,6.4
03/08/2018,126.739998,6.4
02/08/2018,126.580002,6.4
01/08/2018,126.959999,6.4
31/07/2018,125.849998,6.4
30/07/2018,125.769997,6.4
27/07/2018,125.5,6.4
26/07/2018,125.410004,6.4
25/07/2018,125.709999,6.4
24/07/2018,125.470001,6.4
23/07/2018,125.029999,6.4
20/07/2018,125.800003,6.4
19/07/2018,126,6.4
18/07/2018,125.900002,6.4
17/07/2018,127.790001,6.4
16/07/2018,125.449997,6.4
13/07/2018,125,6.4
12/07/2018,124.279999,6.4
11/07/2018,125.779999,6.4
10/07/2018,125.5,6.4
06/07/2018,126.5,6.4
05/07/2018,126.410004,6.4
04/07/2018,127.440002,6.4
03/07/2018,125.849998,6.4
02/07/2018,124.989998,6.4
29/06/2018,125.800003,6.4
28/06/2018,125,6.4
27/06/2018,124,6.4
26/06/2018,124,6.4
25/06/2018,123.260002,6.4
22/06/2018,123,6.4
21/06/2018,122.699997,6.4
20/06/2018,121.07,6.4
19/06/2018,121.68,6.4
18/06/2018,121.889999,6.4
15/06/2018,124.199997,6.4
14/06/2018,125,6.4
13/06/2018,126.849998,6.4
12/06/2018,127.900002,6.4
11/06/2018,130,6.4
08/06/2018,129.699997,6.4
07/06/2018,131.600006,6.4
06/06/2018,134.949997,6.4
05/06/2018,135.5,6.4
04/06/2018,134.5,6.4
01/06/2018,134,6.4
30/05/2018,135,6.4
29/05/2018,133,6.4
28/05/2018,132.169998,6.4
25/05/2018,133.199997,6.4
24/05/2018,132.100006,6.4
23/05/2018,135,6.4
22/05/2018,134.490005,6.4
21/05/2018,137,6.4
18/05/2018,137.75,6.4
17/05/2018,139.199997,6.4
16/05/2018,139.089996,6.4
15/05/2018,138.960007,6.4
14/05/2018,138.990005,6.4
11/05/2018,139,6.4
10/05/2018,117,6.4
09/05/2018,117,6.4
08/05/2018,117,6.4
07/05/2018,117,6.4
04/05/2018,117,6.4
03/05/2018,117,6.4
02/05/2018,117,6.4
30/04/2018,117,6.4
27/04/2018,117,6.4
26/04/2018,117,6.4
25/04/2018,117,6.4
24/04/2018,117,6.4
23/04/2018,117,6.4
20/04/2018,117,6.4
19/04/2018,117,6.4
18/04/2018,117,6.4
17/04/2018,139.75,6.4
16/04/2018,139.990005,6.4
13/04/2018,140.100006,6.4
12/04/2018,139.656006,6.4
11/04/2018,139.350006,6.4
10/04/2018,139.998001,6.4
09/04/2018,139.001007,6.4
06/04/2018,140.399994,6.4
05/04/2018,140.001007,6.4
04/04/2018,141.5,6.4
03/04/2018,141.5,6.4
02/04/2018,144,6.4
29/03/2018,150.376999,6.4
28/03/2018,152,6.4
27/03/2018,152,6.4
26/03/2018,155.554993,6.4
23/03/2018,155.899994,6.4
22/03/2018,155.899994,6.4
21/03/2018,155,6.65
20/03/2018,155,6.65
19/03/2018,153.699997,6.65
16/03/2018,150,6.65
15/03/2018,149.5,6.65
14/03/2018,147.5,6.65
13/03/2018,148.399994,6.65
12/03/2018,146.498993,6.65
09/03/2018,140.013,6.65
08/03/2018,139,6.65
07/03/2018,135.699997,6.65
06/03/2018,136.397995,6.65
05/03/2018,135.199005,6.65
02/03/2018,136.5,6.65
01/03/2018,135.798996,6.65
28/02/2018,137.998993,6.65
27/02/2018,134.600006,6.65
26/02/2018,134,6.65
23/02/2018,134,6.65
22/02/2018,134.998993,6.65
21/02/2018,136.800003,6.65
20/02/2018,133,6.65
19/02/2018,131.899994,6.65
16/02/2018,133.5,6.65
15/02/2018,130.800003,6.65
09/02/2018,129.5,6.65
08/02/2018,128.5,6.65
07/02/2018,128.559998,6.9
06/02/2018,129.899002,6.9
05/02/2018,128.604004,6.9
02/02/2018,129.600006,6.9
01/02/2018,129,6.9
31/01/2018,131.399994,6.9
30/01/2018,130.699997,6.9
29/01/2018,131,6.9
26/01/2018,131.016998,6.9
25/01/2018,130.005005,6.9
24/01/2018,130.005005,6.9
23/01/2018,130.505997,6.9
22/01/2018,131.850006,6.9
19/01/2018,131.199997,6.9
18/01/2018,131.977997,6.9
17/01/2018,130,6.9
16/01/2018,130,6.9
15/01/2018,129.5,6.9
12/01/2018,129,6.9
11/01/2018,129.199997,6.9
10/01/2018,128.899994,6.9
09/01/2018,129.009995,6.9
08/01/2018,130,6.9
05/01/2018,130,6.9
04/01/2018,129.998993,6.9
03/01/2018,129.899994,6.9
02/01/2018,129.602997,6.9
29/12/2017,134.300003,6.9
28/12/2017,134.300003,6.9
27/12/2017,134.300003,6.9
26/12/2017,133.998001,6.9
22/12/2017,129.300003,6.9
21/12/2017,131.5,6.9
20/12/2017,134.998993,6.9
19/12/2017,137,6.9
18/12/2017,130,6.9
15/12/2017,129,6.9
14/12/2017,128.412003,6.9
13/12/2017,128.600006,6.9
12/12/2017,130.970001,6.9
11/12/2017,128.401001,6.9
08/12/2017,128.011993,6.9
07/12/2017,127.110001,6.9
06/12/2017,128.300003,7.4
05/12/2017,128.600006,7.4
04/12/2017,129,7.4
01/12/2017,128.5,7.4
30/11/2017,132.300003,7.4
29/11/2017,131.061996,7.4
28/11/2017,132.5,7.4
27/11/2017,131.5,7.4
24/11/2017,133,7.4
23/11/2017,133,7.4
22/11/2017,133,7.4
21/11/2017,131.300003,7.4
20/11/2017,131.300003,7.4
17/11/2017,131.300003,7.4
16/11/2017,130.75,7.4
14/11/2017,131.5,7.4
13/11/2017,132,7.4
10/11/2017,129.600006,7.4
09/11/2017,132,7.4
08/11/2017,133.998001,7.4
07/11/2017,129.449997,7.4
06/11/2017,127.899002,7.4
03/11/2017,127.649002,7.4
01/11/2017,125.656998,7.4
31/10/2017,128.300003,7.4
30/10/2017,131.501999,7.4
27/10/2017,132.800003,7.4
26/10/2017,132.199997,7.4
25/10/2017,132.294998,8.15
24/10/2017,132,8.15
23/10/2017,131.800003,8.15
20/10/2017,132.199997,8.15
19/10/2017,132,8.15
18/10/2017,131.800003,8.15
17/10/2017,131.5,8.15
16/10/2017,131.699005,8.15
13/10/2017,131.598007,8.15
11/10/2017,130.009995,8.15
10/10/2017,131.205002,8.15
09/10/2017,131.800003,8.15
06/10/2017,132.800003,8.15
05/10/2017,132.897995,8.15
04/10/2017,130.600006,8.15
03/10/2017,129.899994,8.15
02/10/2017,129.522995,8.15
29/09/2017,130.432007,8.15
28/09/2017,132.199997,8.15
27/09/2017,130,8.15
26/09/2017,130.449997,8.15
25/09/2017,130,8.15
22/09/2017,130,8.15
21/09/2017,131.205002,8.15
20/09/2017,132.498993,8.15
19/09/2017,130.110001,8.15
18/09/2017,130,8.15
15/09/2017,129,8.15
14/09/2017,129,8.15
13/09/2017,131,8.15
12/09/2017,130.5,8.15
11/09/2017,138.498993,8.15
08/09/2017,126.400002,8.15
06/09/2017,126.419998,9.15
05/09/2017,124.515999,9.15
04/09/2017,124.500999,9.15
01/09/2017,126.699997,9.15
31/08/2017,125.099998,9.15
30/08/2017,126,9.15
29/08/2017,125.106003,9.15
28/08/2017,127.5,9.15
25/08/2017,125.499001,9.15
24/08/2017,126.999001,9.15
23/08/2017,126.199997,9.15
22/08/2017,126.125999,9.15
21/08/2017,127.400002,9.15
18/08/2017,125.601997,9.15
17/08/2017,125.204002,9.15
16/08/2017,127,9.15
15/08/2017,123.004997,9.15
14/08/2017,124,9.15
11/08/2017,123.650002,9.15
10/08/2017,123.199997,9.15
09/08/2017,123.199997,9.15
08/08/2017,125.799004,9.15
07/08/2017,123.699997,9.15
04/08/2017,121.010002,9.15
03/08/2017,122.660004,9.15
02/08/2017,124.584999,9.15
01/08/2017,122,9.15
31/07/2017,123.800003,9.15
28/07/2017,123.800003,9.15
27/07/2017,123.800003,9.15
26/07/2017,123.800003,10.15
25/07/2017,123.5,10.15
24/07/2017,122.621002,10.15
21/07/2017,124,10.15
20/07/2017,124.997002,10.15
19/07/2017,125.999001,10.15
18/07/2017,128,10.15
17/07/2017,124.417,10.15
14/07/2017,123.599998,10.15
13/07/2017,123.900002,10.15
12/07/2017,124.5,10.15
11/07/2017,124.299004,10.15
10/07/2017,123.900002,10.15
07/07/2017,122.404999,10.15
06/07/2017,123.601997,10.15
05/07/2017,124.849998,10.15
04/07/2017,124.860001,10.15
03/07/2017,122.900002,10.15
30/06/2017,124.5,10.15
29/06/2017,122.559998,10.15
28/06/2017,124,10.15
27/06/2017,124.199997,10.15
26/06/2017,124,10.15
23/06/2017,124.5,10.15
22/06/2017,124.801003,10.15
21/06/2017,125.199997,10.15
20/06/2017,124.599998,10.15
19/06/2017,125.400002,10.15
16/06/2017,124.199997,10.15
14/06/2017,124.900002,10.15
13/06/2017,122,10.15
12/06/2017,121.900002,10.15
09/06/2017,122.800003,10.15
08/06/2017,121.599998,10.15
07/06/2017,122.599998,10.15
06/06/2017,123.699997,10.15
05/06/2017,123.5,10.15
02/06/2017,125.000999,10.15
01/06/2017,126.400002,10.15
31/05/2017,125.5,11.15
30/05/2017,124.901001,11.15
29/05/2017,124.217003,11.15
26/05/2017,124.5,11.15
25/05/2017,124.449997,11.15
24/05/2017,124.5,11.15
23/05/2017,124.5,11.15
22/05/2017,124.300003,11.15
19/05/2017,125,11.15
18/05/2017,123.012001,11.15
17/05/2017,128.5,11.15
16/05/2017,129,11.15
15/05/2017,128.078995,11.15
12/05/2017,124.989998,11.15
11/05/2017,122.600998,11.15
10/05/2017,122.500999,11.15
09/05/2017,124.400002,11.15
08/05/2017,124.978996,11.15
05/05/2017,124.989998,11.15
04/05/2017,124.849998,11.15
03/05/2017,123,11.15
02/05/2017,124.874001,11.15
28/04/2017,123.399002,11.15
27/04/2017,122.900002,11.15
26/04/2017,123.5,11.15
25/04/2017,126.489998,11.15
24/04/2017,126.446999,11.15
20/04/2017,125.800003,11.15
19/04/2017,127,11.15
18/04/2017,125.499001,11.15
17/04/2017,125.5,11.15
13/04/2017,125.5,11.15
12/04/2017,124.900002,12.15
11/04/2017,128.399994,12.15
10/04/2017,126.5,12.15
07/04/2017,126.800003,12.15
06/04/2017,128.294998,12.15
05/04/2017,123.980003,12.15
04/04/2017,122.199997,12.15
03/04/2017,121.5,12.15
31/03/2017,119.32,12.15
30/03/2017,120,12.15
29/03/2017,120,12.15
28/03/2017,113.502998,12.15
27/03/2017,112.300003,12.15
24/03/2017,113,12.15
23/03/2017,115.999001,12.15
22/03/2017,119,12.15
21/03/2017,120.301003,12.15
20/03/2017,123.300003,12.15
17/03/2017,124,12.15
16/03/2017,124.294998,12.15
15/03/2017,128.5,12.15
14/03/2017,128.5,12.15
13/03/2017,128.5,12.15
10/03/2017,132.998993,12.15
09/03/2017,130.5,12.15
08/03/2017,130.576996,12.15
07/03/2017,130.401001,12.15
06/03/2017,134,12.15
03/03/2017,138.5,12.15
02/03/2017,138.899994,12.15
01/03/2017,139,12.15
24/02/2017,135,12.15
23/02/2017,131.5,12.15
22/02/2017,129.300003,12.9
21/02/2017,128.699005,12.9
20/02/2017,128.800003,12.9
17/02/2017,129.300003,12.9
16/02/2017,129.298004,12.9
15/02/2017,129.300003,12.9
14/02/2017,128,12.9
13/02/2017,128,12.9
10/02/2017,128,12.9
09/02/2017,127.598999,12.9
08/02/2017,128,12.9
07/02/2017,127.996002,12.9
06/02/2017,125.100998,12.9
03/02/2017,126.5,12.9
02/02/2017,126,12.9
01/02/2017,121.998001,12.9
31/01/2017,119.650002,12.9
30/01/2017,119.300003,12.9
27/01/2017,118.398003,12.9
26/01/2017,115.699997,12.9
24/01/2017,115.75,12.9
23/01/2017,114,12.9
20/01/2017,113.589996,12.9
19/01/2017,116,12.9
18/01/2017,112.199997,12.9
17/01/2017,112.199997,12.9
16/01/2017,112,12.9
13/01/2017,110.500999,12.9
12/01/2017,111,12.9
11/01/2017,109.612999,13.65
10/01/2017,110,13.65
09/01/2017,110,13.65
06/01/2017,110,13.65
05/01/2017,110,13.65
04/01/2017,110,13.65
03/01/2017,110,13.65
02/01/2017,110,13.65
29/12/2016,110,13.65
28/12/2016,109.949997,13.65
27/12/2016,109.949997,13.65
26/12/2016,110,13.65
23/12/2016,109.300003,13.65
22/12/2016,108.202003,13.65
21/12/2016,109.300003,13.65
20/12/2016,109.300003,13.65
19/12/2016,110,13.65
16/12/2016,112.099998,13.65
15/12/2016,110,13.65
14/12/2016,110.400002,13.65
13/12/2016,110.595001,13.65
12/12/2016,110,13.65
09/12/2016,109.5,13.65
08/12/2016,108.099998,13.65
07/12/2016,108.699997,13.65
06/12/2016,109.099998,13.65
05/12/2016,109.999001,13.65
02/12/2016,111.199997,13.65
01/12/2016,111.098999,13.65
30/11/2016,110.101997,13.9
29/11/2016,110,13.9
28/11/2016,111.5,13.9
25/11/2016,112.099998,13.9
24/11/2016,113.424004,13.9
23/11/2016,112.599998,13.9
22/11/2016,111.199997,13.9
21/11/2016,111.797997,13.9
18/11/2016,111,13.9
17/11/2016,112.980003,13.9
16/11/2016,112.900002,13.9
14/11/2016,113.5,13.9
11/11/2016,112.012001,13.9
10/11/2016,114.998001,13.9
09/11/2016,113.5,13.9
08/11/2016,114.998001,13.9
07/11/2016,118.598999,13.9
04/11/2016,116,13.9
03/11/2016,114.5,13.9
01/11/2016,113.550003,13.9
31/10/2016,114.499001,13.9
28/10/2016,115.5,13.9
27/10/2016,115.5,13.9
26/10/2016,115.5,13.9
25/10/2016,115.5,13.9
24/10/2016,115.5,13.9
21/10/2016,115.5,13.9
20/10/2016,115.400002,13.9
19/10/2016,114.501999,14.15
18/10/2016,115.5,14.15
17/10/2016,114.499001,14.15
14/10/2016,114.999001,14.15
13/10/2016,115.199997,14.15
11/10/2016,115.5,14.15
10/10/2016,114.5,14.15
07/10/2016,116.300003,14.15
06/10/2016,116.5,14.15
05/10/2016,116.5,14.15
04/10/2016,116,14.15
03/10/2016,115.300003,14.15
30/09/2016,116,14.15
29/09/2016,116.898003,14.15
28/09/2016,117,14.15
27/09/2016,116,14.15
26/09/2016,116,14.15
23/09/2016,118,14.15
22/09/2016,114.997002,14.15
21/09/2016,113.199997,14.15
20/09/2016,113.948997,14.15
19/09/2016,113.779999,14.15
16/09/2016,113.086998,14.15
15/09/2016,113,14.15
14/09/2016,112.110001,14.15
13/09/2016,113.5,14.15
12/09/2016,113.800003,14.15
09/09/2016,113.5,14.15
08/09/2016,114,14.15
06/09/2016,114,14.15
05/09/2016,113.900002,14.15
02/09/2016,113.900002,14.15
01/09/2016,114.279999,14.15
31/08/2016,115.699997,14.15
30/08/2016,116,14.15
29/08/2016,116.5,14.15
26/08/2016,117,14.15
25/08/2016,117,14.15
24/08/2016,117,14.15
23/08/2016,117,14.15
22/08/2016,115.099998,14.15
19/08/2016,117.18,14.15
18/08/2016,117.18,14.15
17/08/2016,117.18,14.15
16/08/2016,117.099998,14.15
15/08/2016,116.5,14.15
12/08/2016,116.000999,14.15
11/08/2016,117.301003,14.15
10/08/2016,119.699997,14.15
09/08/2016,118.800003,14.15
08/08/2016,118.800003,14.15
05/08/2016,117,14.15
04/08/2016,118,14.15
03/08/2016,118.300003,14.15
02/08/2016,119.900002,14.15
01/08/2016,117.000999,14.15
29/07/2016,118.800003,14.15
28/07/2016,119,14.15
27/07/2016,119.5,14.15
26/07/2016,119.5,14.15
25/07/2016,117.800003,14.15
22/07/2016,115.5,14.15
21/07/2016,113.900002,14.15
20/07/2016,114.004997,14.15
19/07/2016,114.699997,14.15
18/07/2016,111.800003,14.15
15/07/2016,107.500999,14.15
14/07/2016,106.5,14.15
13/07/2016,105.099998,14.15
12/07/2016,105.5,14.15
11/07/2016,105.5,14.15
08/07/2016,105,14.15
07/07/2016,105,14.15
06/07/2016,105.400002,14.15
05/07/2016,106.399002,14.15
04/07/2016,105.5,14.15
01/07/2016,107,14.15
30/06/2016,107,14.15
29/06/2016,106,14.15
28/06/2016,105.5,14.15
27/06/2016,105.699997,14.15
24/06/2016,106.5,14.15
23/06/2016,106,14.15
22/06/2016,106,14.15
21/06/2016,106.5,14.15
20/06/2016,106.699997,14.15
17/06/2016,106.698997,14.15
16/06/2016,106.699997,14.15
15/06/2016,106,14.15
14/06/2016,105.310997,14.15
13/06/2016,106,14.15
10/06/2016,107,14.15
09/06/2016,105,14.15
08/06/2016,103.985001,14.15
07/06/2016,104.400002,14.15
06/06/2016,104.399002,14.15
03/06/2016,104.000999,14.15
02/06/2016,104.400002,14.15
01/06/2016,106.300003,14.15
31/05/2016,106.300003,14.15
30/05/2016,108,14.15
27/05/2016,107,14.15
25/05/2016,107,14.15
24/05/2016,106.999001,14.15
23/05/2016,108.5,14.15
20/05/2016,108.349998,14.15
19/05/2016,109.5,14.15
18/05/2016,109.799004,14.15
17/05/2016,109.899002,14.15
16/05/2016,108.599998,14.15
13/05/2016,107.800003,14.15
12/05/2016,107,14.15
11/05/2016,105.5,14.15
10/05/2016,104.699997,14.15
09/05/2016,105,14.15
06/05/2016,108.800003,14.15
05/05/2016,108,14.15
04/05/2016,102.125,14.15
03/05/2016,102,14.15
02/05/2016,101.5,14.15
29/04/2016,102,14.15
28/04/2016,103.502998,14.15
27/04/2016,103.999001,14.15
26/04/2016,103,14.15
25/04/2016,101.999001,14.15
22/04/2016,101.016998,14.15
20/04/2016,103,14.15
19/04/2016,101.999001,14.15
18/04/2016,104.999001,14.15
15/04/2016,102,14.15
14/04/2016,99.800003,14.15
13/04/2016,100.294998,14.15
12/04/2016,99.5,14.15
11/04/2016,99.5,14.15
08/04/2016,99.5,14.15
07/04/2016,98.999001,14.15
06/04/2016,100.5,14.15
05/04/2016,99.900002,14.15
04/04/2016,100,14.15
01/04/2016,101,14.15
31/03/2016,101.699997,14.15
30/03/2016,100.999001,14.15
29/03/2016,100,14.15
28/03/2016,101.699997,14.15
24/03/2016,101.699997,14.15
23/03/2016,101.699997,14.15
22/03/2016,100.5,14.15
21/03/2016,99.901001,14.15
18/03/2016,100,14.15
17/03/2016,98.900002,14.15
16/03/2016,96,14.15
15/03/2016,97,14.15
14/03/2016,96,14.15
11/03/2016,95.5,14.15
10/03/2016,93.5,14.15
09/03/2016,92,14.15
08/03/2016,91.599998,14.15
07/03/2016,91.5,14.15
04/03/2016,89.300003,14.15
03/03/2016,88.5,14.15
02/03/2016,87.499001,14.15
01/03/2016,87.684998,14.15
29/02/2016,88,14.15
26/02/2016,88,14.15
25/02/2016,88,14.15
24/02/2016,88,14.15
23/02/2016,87.5,14.15
22/02/2016,88.5,14.15
19/02/2016,90,14.15
18/02/2016,89.199997,14.15
17/02/2016,90.5,14.15
16/02/2016,88.949997,14.15
15/02/2016,88,14.15
12/02/2016,88.000999,14.15
11/02/2016,86.5,14.15
10/02/2016,86.999001,14.15
05/02/2016,87,14.15
04/02/2016,87,14.15
03/02/2016,88.497002,14.15
02/02/2016,88.496002,14.15
01/02/2016,88.802002,14.15
29/01/2016,90,14.15
28/01/2016,90,14.15
27/01/2016,89.005997,14.15
26/01/2016,91.801003,14.15
22/01/2016,96.800003,14.15
21/01/2016,97.498001,14.15
20/01/2016,97.001999,14.15
19/01/2016,99,14.15
18/01/2016,99.099998,14.15
15/01/2016,99.5,14.15
14/01/2016,99,14.15
13/01/2016,99.099998,14.15
12/01/2016,99.000999,14.15
11/01/2016,99.000999,14.15
08/01/2016,99,14.15
07/01/2016,100,14.15
06/01/2016,99.997002,14.15
05/01/2016,97.519997,14.15
04/01/2016,99.888,14.15
30/12/2015,99.591003,14.15
29/12/2015,99.899002,14.15
28/12/2015,99.889,14.15
23/12/2015,97.010002,14.15
22/12/2015,100,14.15
21/12/2015,98,14.15
18/12/2015,98.117996,14.15
17/12/2015,99.510002,14.15
16/12/2015,98.561996,14.15
15/12/2015,102,14.15
14/12/2015,102,14.15
11/12/2015,103,14.15
10/12/2015,101,14.15
09/12/2015,102.899002,14.15
08/12/2015,100.001999,14.15
07/12/2015,103.699997,14.15
04/12/2015,104.900002,14.15
03/12/2015,103.001999,14.15
02/12/2015,105,14.15
01/12/2015,98.514999,14.15
30/11/2015,105,14.15
27/11/2015,102.5,14.15
26/11/2015,104.5,14.15
25/11/2015,103,14.15
24/11/2015,100.010002,14.15
23/11/2015,104.029999,14.15
19/11/2015,103,14.15
18/11/2015,102,14.15
17/11/2015,103.569,14.15
16/11/2015,102.697998,14.15
13/11/2015,102,14.15
12/11/2015,101,14.15
11/11/2015,100,14.15
10/11/2015,100.499001,14.15
09/11/2015,99.686996,14.15
06/11/2015,98.700996,14.15
05/11/2015,99.5,14.15
04/11/2015,99.510002,14.15
03/11/2015,99.199997,14.15
30/10/2015,103.699997,14.15
29/10/2015,100.601997,14.15
28/10/2015,100.394997,14.15
27/10/2015,100,14.15
26/10/2015,100,14.15
23/10/2015,100,14.15
22/10/2015,100.800003,14.15
21/10/2015,102,14.15
20/10/2015,100.878998,14.15
19/10/2015,98.300003,14.15
16/10/2015,100,14.15
15/10/2015,99.049004,14.15
14/10/2015,98,14.15
13/10/2015,98,14.15
09/10/2015,99.050003,14.15
08/10/2015,99.800003,14.15
07/10/2015,99.800003,14.15
06/10/2015,100,14.15
05/10/2015,100.300003,14.15
02/10/2015,100,14.15
01/10/2015,100.900002,14.15
30/09/2015,101,14.15
29/09/2015,100.900002,14.15
28/09/2015,100.5,14.15
25/09/2015,101,14.15
24/09/2015,101,14.15
23/09/2015,102,14.15
22/09/2015,102,14.15
21/09/2015,102.5,14.15
18/09/2015,102.5,14.15
17/09/2015,102.5,14.15
16/09/2015,102.5,14.15
15/09/2015,103,14.15
14/09/2015,103.5,14.15
11/09/2015,104,14.15
10/09/2015,100,14.15
09/09/2015,102,14.15
08/09/2015,106.498001,14.15
04/09/2015,106.5,14.15
03/09/2015,107.010002,14.15
02/09/2015,106.5,14.15
01/09/2015,104.001999,14.15
31/08/2015,110.900002,14.15
28/08/2015,113,14.15
27/08/2015,112.098,14.15
26/08/2015,111.800003,14.15
25/08/2015,110.199997,14.15
24/08/2015,111.599998,14.15
21/08/2015,111.209999,14.15
20/08/2015,112,14.15
19/08/2015,111.699997,14.15
18/08/2015,112,14.15
17/08/2015,111.699997,14.15
14/08/2015,112.099998,14.15
13/08/2015,112.292,14.15
12/08/2015,112.614998,14.15
11/08/2015,111.5,14.15
10/08/2015,111.5,14.15
07/08/2015,111,14.15
06/08/2015,111.5,14.15
05/08/2015,111.900002,14.15
04/08/2015,113,14.15
03/08/2015,112.5,14.15
31/07/2015,112.510002,14.15
30/07/2015,112,14.15
29/07/2015,113.5,13.65
28/07/2015,113,13.65
27/07/2015,113.199997,13.65
24/07/2015,113,13.65
23/07/2015,114.096001,13.65
22/07/2015,112.501999,13.65
21/07/2015,111.900002,13.65
20/07/2015,111.800003,13.65
17/07/2015,112,13.65
16/07/2015,113.900002,13.65
15/07/2015,113,13.65
14/07/2015,112.802002,13.65
13/07/2015,113,13.65
10/07/2015,112.997002,13.65
08/07/2015,113,13.65
07/07/2015,112.098999,13.65
06/07/2015,112.425003,13.65
03/07/2015,111.800003,13.65
02/07/2015,112,13.65
01/07/2015,111.499001,13.65
30/06/2015,113,13.65
29/06/2015,114.5,13.65
26/06/2015,111.198997,13.65
25/06/2015,111,13.65
24/06/2015,111.199997,13.65
23/06/2015,111.099998,13.65
22/06/2015,111.179001,13.65
19/06/2015,111.400002,13.65
18/06/2015,111.400002,13.65
17/06/2015,110.903999,13.65
16/06/2015,111.102997,13.65
15/06/2015,111,13.65
12/06/2015,110.074997,13.65
11/06/2015,111.294998,13.65
10/06/2015,110.900002,13.65
09/06/2015,111.5,13.65
08/06/2015,112.400002,13.65
05/06/2015,112.199997,13.65
03/06/2015,112.580002,13.15
02/06/2015,111.5,13.15
01/06/2015,112,13.15
29/05/2015,113.099998,13.15
28/05/2015,112.990997,13.15
27/05/2015,111.999001,13.15
26/05/2015,111.099998,13.15
25/05/2015,111.800003,13.15
22/05/2015,112,13.15
21/05/2015,111.949997,13.15
20/05/2015,111.099998,13.15
19/05/2015,109.499001,13.15
18/05/2015,110,13.15
15/05/2015,109.100998,13.15
14/05/2015,110,13.15
13/05/2015,110,13.15
12/05/2015,111.300003,13.15
11/05/2015,112.001999,13.15
08/05/2015,111.18,13.15
07/05/2015,112,13.15
06/05/2015,111.004997,13.15
05/05/2015,110.099998,13.15
04/05/2015,111.5,13.15
30/04/2015,113.799004,13.15
29/04/2015,110.000999,12.67
28/04/2015,110.900002,12.67
27/04/2015,110,12.66
24/04/2015,107,12.65
23/04/2015,106.999001,12.65
22/04/2015,106.949997,12.65
20/04/2015,106.5,12.65
17/04/2015,106,12.65
16/04/2015,105.995003,12.65
15/04/2015,104.899002,12.65
14/04/2015,102,12.65
13/04/2015,101.999001,12.65
10/04/2015,101.900002,12.65
09/04/2015,101.100998,12.65
08/04/2015,101.512001,12.65
07/04/2015,101.5,12.65
06/04/2015,100.989998,12.65
02/04/2015,100.998001,12.65
01/04/2015,102,12.65
31/03/2015,101.599998,12.65
30/03/2015,100.793999,12.65
27/03/2015,100.794998,12.65
26/03/2015,100,12.65
25/03/2015,99.599998,12.65
24/03/2015,99.599998,12.65
23/03/2015,100.75,12.65
20/03/2015,100.199997,12.65
19/03/2015,100.800003,12.65
18/03/2015,100.400002,12.65
17/03/2015,97,12.65
16/03/2015,97.699997,12.65
13/03/2015,99.200996,12.65
12/03/2015,100.989998,12.65
11/03/2015,101,12.65
10/03/2015,101.001999,12.65
09/03/2015,101.900002,12.65
06/03/2015,102,12.65
05/03/2015,102,12.65
04/03/2015,102.008003,12.15
03/03/2015,102,12.15
02/03/2015,101.999001,12.15
27/02/2015,102.900002,12.15
26/02/2015,103,12.15
25/02/2015,103,12.15
24/02/2015,103.5,12.15
23/02/2015,102.599998,12.15
20/02/2015,103.5,12.15
19/02/2015,104,12.15
18/02/2015,104,12.15
13/02/2015,104,12.15
12/02/2015,104,12.15
11/02/2015,103.5,12.15
10/02/2015,103.5,12.15
09/02/2015,103.5,12.15
06/02/2015,103.699997,12.15
05/02/2015,101.999001,12.15
04/02/2015,102.5,12.15
03/02/2015,104.459999,12.15
02/02/2015,105,12.15
30/01/2015,107,12.15
29/01/2015,107,12.15
28/01/2015,108,12.15
27/01/2015,108.099998,12.15
26/01/2015,108.5,12.15
23/01/2015,109,12.15
22/01/2015,109,12.15
21/01/2015,108.522003,11.65
20/01/2015,109,11.65
19/01/2015,109.599998,11.65
16/01/2015,109.650002,11.65
15/01/2015,109.599998,11.65
14/01/2015,109.599998,11.65
13/01/2015,109.5,11.65
12/01/2015,109,11.65
09/01/2015,110,11.65
08/01/2015,108.5,11.65
07/01/2015,109,11.65
06/01/2015,110,11.65
05/01/2015,111,11.65
02/01/2015,109.099998,11.65
30/12/2014,109.099998,11.65
29/12/2014,109.449997,11.65
26/12/2014,106,11.65
23/12/2014,105.796997,11.65
22/12/2014,105,11.65
19/12/2014,104.900002,11.65
18/12/2014,103.700996,11.65
17/12/2014,104.75,11.65
16/12/2014,104.5,11.65
15/12/2014,103.550003,11.65
12/12/2014,103.5,11.65
11/12/2014,105.499001,11.65
10/12/2014,104.498001,11.65
09/12/2014,105.988998,11.65
08/12/2014,103.699997,11.65
05/12/2014,101.501999,11.65
04/12/2014,101.699997,11.65
03/12/2014,101,11.15
02/12/2014,101.5,11.15
01/12/2014,104.800003,11.15
28/11/2014,105,11.15
27/11/2014,105,11.15
26/11/2014,105,11.15
25/11/2014,106.5,11.15
24/11/2014,106.200996,11.15
21/11/2014,106.998001,11.15
19/11/2014,105.601997,11.15
18/11/2014,105.470001,11.15
17/11/2014,106.599998,11.15
14/11/2014,107,11.15
13/11/2014,107.5,11.15
12/11/2014,109,11.15
11/11/2014,108.900002,11.15
10/11/2014,109,11.15
07/11/2014,109,11.15
06/11/2014,109,11.15
05/11/2014,109,11.15
04/11/2014,109,11.15
03/11/2014,109,11.15
31/10/2014,107.5,11.15
30/10/2014,107.5,11.15
29/10/2014,110.300003,10.9
28/10/2014,109,10.9
27/10/2014,108.150002,10.9
24/10/2014,109.5,10.9
23/10/2014,108,10.9
22/10/2014,109.800003,10.9
21/10/2014,110.300003,10.9
20/10/2014,111.199997,10.9
17/10/2014,111,10.9
16/10/2014,111,10.9
15/10/2014,112,10.9
14/10/2014,113,10.9
13/10/2014,112.999001,10.9
10/10/2014,112.889999,10.9
09/10/2014,112.598999,10.9
08/10/2014,112.5,10.9
07/10/2014,111.498001,10.9
06/10/2014,112.5,10.9
03/10/2014,113.900002,10.9
02/10/2014,114.900002,10.9
01/10/2014,112.849998,10.9
30/09/2014,112.129997,10.9
29/09/2014,112.849998,10.9
26/09/2014,112.800003,10.9
25/09/2014,113,10.9
24/09/2014,113,10.9
23/09/2014,112.999001,10.9
22/09/2014,113,10.9
19/09/2014,113,10.9
18/09/2014,112.75,10.9
17/09/2014,112.778999,10.9
16/09/2014,112.720001,10.9
15/09/2014,112.720001,10.9
12/09/2014,112.699997,10.9
11/09/2014,112.699997,10.9
10/09/2014,112.697998,10.9
09/09/2014,112.400002,10.9
08/09/2014,112.000999,10.9
05/09/2014,112.949997,10.9
04/09/2014,113,10.9
03/09/2014,112.699997,10.9
02/09/2014,113,10.9
01/09/2014,113,10.9
29/08/2014,113.5,10.9
28/08/2014,111.5,10.9
27/08/2014,111.800003,10.9
26/08/2014,110.109001,10.9
25/08/2014,111.748001,10.9
22/08/2014,110.099998,10.9
21/08/2014,109.997002,10.91
20/08/2014,111.800003,10.91
19/08/2014,111.112,10.9
18/08/2014,111,10.9
15/08/2014,110,10.91
14/08/2014,110.105003,10.9
13/08/2014,113.889,10.9
12/08/2014,113.800003,10.9
11/08/2014,113.892998,10.9
08/08/2014,111.000999,10.9
07/08/2014,112.511002,10.9
06/08/2014,112.199997,10.9
05/08/2014,113.900002,10.9
04/08/2014,114,10.9
01/08/2014,113.5,10.9
31/07/2014,115.120003,10.9
30/07/2014,115.800003,10.9
29/07/2014,116,10.9
28/07/2014,115,10.9
25/07/2014,115.800003,10.9
24/07/2014,113,10.9
23/07/2014,110.199997,10.9
22/07/2014,110,10.9
21/07/2014,109.5,10.9
18/07/2014,109.5,10.9
17/07/2014,110,10.9
16/07/2014,109.800003,10.9
15/07/2014,108.199997,10.9
14/07/2014,108,10.9
11/07/2014,108,10.9
10/07/2014,107.999001,10.9
08/07/2014,108,10.9
07/07/2014,108,10.9
04/07/2014,108,10.9
03/07/2014,108,10.9
02/07/2014,107.800003,10.9
01/07/2014,108.010002,10.9
30/06/2014,108.525002,10.9
27/06/2014,110,10.9
26/06/2014,109.5,10.9
25/06/2014,109.999001,10.9
24/06/2014,109.68,10.9
23/06/2014,109,10.9
20/06/2014,107.301003,10.9
18/06/2014,109.300003,10.9
17/06/2014,110,10.9
16/06/2014,109.496002,10.9
13/06/2014,108.800003,10.9
11/06/2014,108.599998,10.9
10/06/2014,110.106003,10.9
09/06/2014,110.800003,10.9
06/06/2014,110.800003,10.9
05/06/2014,111,10.9
04/06/2014,111,10.9
03/06/2014,111,10.9
02/06/2014,111,10.9
30/05/2014,112.025002,10.9
29/05/2014,112.944,10.9
28/05/2014,113,10.9
27/05/2014,112,10.9
26/05/2014,111.400002,10.9
23/05/2014,111,10.9
22/05/2014,111,10.9
21/05/2014,111,10.9
20/05/2014,111,10.9
19/05/2014,111,10.9
16/05/2014,111.300003,10.9
15/05/2014,111.399002,10.9
14/05/2014,111.399002,10.9
13/05/2014,111.198997,10.9
12/05/2014,111,10.9
09/05/2014,110.860001,10.9
08/05/2014,111,10.9
07/05/2014,111,10.9
06/05/2014,110.683998,10.9
05/05/2014,110.910004,10.9
02/05/2014,111.400002,10.9
30/04/2014,111.900002,10.9
29/04/2014,111,10.9
28/04/2014,111,10.9
25/04/2014,111,10.9
24/04/2014,110.000999,10.9
23/04/2014,111.199997,10.9
22/04/2014,111.5,10.9
17/04/2014,111.900002,10.9
16/04/2014,111.5,10.9
15/04/2014,112.5,10.9
14/04/2014,112.5,10.9
11/04/2014,112.199997,10.9
10/04/2014,111.504997,10.9
09/04/2014,111.5,10.9
08/04/2014,111.699997,10.9
07/04/2014,111.790001,10.9
04/04/2014,111.799004,10.9
03/04/2014,111.800003,10.9
02/04/2014,112,10.65
01/04/2014,112.699997,10.65
31/03/2014,111.349998,10.65
28/03/2014,112.699997,10.65
27/03/2014,113,10.65
26/03/2014,112.5,10.65
25/03/2014,113.999001,10.65
24/03/2014,112.600998,10.65
21/03/2014,114.900002,10.65
20/03/2014,114.800003,10.65
19/03/2014,114.599998,10.65
18/03/2014,114,10.65
17/03/2014,113.5,10.65
14/03/2014,113,10.65
13/03/2014,114,10.65
12/03/2014,112.5,10.65
11/03/2014,112.5,10.65
10/03/2014,110,10.65
07/03/2014,110.502998,10.65
06/03/2014,112,10.65
05/03/2014,110,10.65
28/02/2014,107.721001,10.65
27/02/2014,107.5,10.65
26/02/2014,104.699997,10.4
25/02/2014,101,10.4
24/02/2014,102.998001,10.4
21/02/2014,105,10.4
20/02/2014,98.800003,10.4
19/02/2014,98.698997,10.4
18/02/2014,98.900002,10.4
17/02/2014,98.899002,10.4
14/02/2014,97.800003,10.4
13/02/2014,98,10.4
12/02/2014,97.788002,10.4
11/02/2014,97.788002,10.4
10/02/2014,96.000999,10.4
07/02/2014,96.800003,10.4
06/02/2014,99,10.4
05/02/2014,99.800003,10.4
04/02/2014,100,10.4
03/02/2014,103.300003,10.4
31/01/2014,103.029999,10.4
30/01/2014,103,10.4
29/01/2014,103.900002,10.4
28/01/2014,104,10.4
27/01/2014,106.495003,10.4
24/01/2014,106,10.4
23/01/2014,106.010002,10.4
22/01/2014,105.199997,10.4
21/01/2014,106,10.4
20/01/2014,106.987,10.4
17/01/2014,105.5,10.4
16/01/2014,104.400002,10.4
15/01/2014,107.899002,9.9
14/01/2014,107,9.9
13/01/2014,109.990997,9.9
10/01/2014,107.800003,9.9
09/01/2014,108,9.9
08/01/2014,107.070999,9.9
07/01/2014,109.997002,9.9
06/01/2014,111,9.9
03/01/2014,109,9.9
02/01/2014,113.790001,9.9
30/12/2013,107.129997,9.9
27/12/2013,108,9.9
26/12/2013,105.5,9.9
23/12/2013,107,9.9
20/12/2013,108,9.9
19/12/2013,105.699997,9.9
18/12/2013,104.5,9.9
17/12/2013,106.498001,9.9
16/12/2013,105,9.9
13/12/2013,106.5,9.9
12/12/2013,104.400002,9.9
11/12/2013,105.5,9.9
10/12/2013,105.099998,9.9
09/12/2013,106.5,9.9
06/12/2013,106.5,9.89
05/12/2013,108.050003,9.9
04/12/2013,108,9.9
03/12/2013,109.900002,9.9
02/12/2013,110,9.9
29/11/2013,107.629997,9.9
28/11/2013,108,9.9
27/11/2013,109,9.4
26/11/2013,110,9.4
25/11/2013,111,9.4
22/11/2013,112.899002,9.4
21/11/2013,112.900002,9.4
19/11/2013,112.901001,9.4
18/11/2013,113,9.4
14/11/2013,112.900002,9.4
13/11/2013,114.499001,9.4
12/11/2013,114,9.4
11/11/2013,114,9.4
08/11/2013,116.5,9.4
07/11/2013,116.500999,9.4
06/11/2013,116.699997,9.4
05/11/2013,117,9.4
04/11/2013,117.5,9.4
01/11/2013,117.000999,9.4
31/10/2013,118,9.4
30/10/2013,117.599998,9.4
29/10/2013,118,9.4
28/10/2013,116,9.4
25/10/2013,117.999001,9.4
24/10/2013,116.900002,9.4
23/10/2013,116.099998,9.4
22/10/2013,116,9.4
21/10/2013,116,9.4
18/10/2013,115.899002,9.4
17/10/2013,116,9.4
16/10/2013,116.800003,9.4
15/10/2013,116.800003,9.4
14/10/2013,116,9.4
11/10/2013,116,9.4
10/10/2013,114,9.4
09/10/2013,115,8.9
08/10/2013,114.205002,8.9
07/10/2013,114.599998,8.9
04/10/2013,115,8.9
03/10/2013,115,8.9
02/10/2013,115,8.9
01/10/2013,115,8.9
30/09/2013,112.654999,8.9
27/09/2013,113.5,8.9
26/09/2013,112.5,8.9
25/09/2013,110,8.9
24/09/2013,110,8.9
23/09/2013,110,8.9
20/09/2013,110,8.9
19/09/2013,109.900002,8.9
18/09/2013,109,8.9
17/09/2013,110,8.9
16/09/2013,110,8.9
13/09/2013,109.5,8.9
12/09/2013,109.5,8.9
11/09/2013,111,8.9
10/09/2013,110.000999,8.9
09/09/2013,111.5,8.9
06/09/2013,112,8.9
05/09/2013,112.299004,8.9
04/09/2013,111.900002,8.9
03/09/2013,112,8.9
02/09/2013,112.5,8.9
30/08/2013,113,8.9
29/08/2013,113,8.9
28/08/2013,113.900002,8.4
27/08/2013,113,8.4
26/08/2013,114.5,8.4
23/08/2013,114.5,8.4
22/08/2013,115.5,8.4
21/08/2013,115.512001,8.4
20/08/2013,117.5,8.4
19/08/2013,118,8.4
16/08/2013,117.599998,8.4
15/08/2013,119,8.4
14/08/2013,118.5,8.4
13/08/2013,118.599998,8.4
12/08/2013,117.949997,8.4
09/08/2013,118.5,8.4
08/08/2013,118.5,8.4
07/08/2013,116.749001,8.4
06/08/2013,118,8.4
05/08/2013,118.800003,8.4
02/08/2013,116.199997,8.4
01/08/2013,117.199997,8.4
31/07/2013,115.154999,8.4
30/07/2013,118.5,8.4
29/07/2013,118.5,8.4
26/07/2013,118.900002,8.4
25/07/2013,118.800003,8.4
24/07/2013,116.099998,8.4
23/07/2013,117,8.4
22/07/2013,114,8.4
19/07/2013,113.699997,8.4
18/07/2013,113.052002,8.4
17/07/2013,113.599998,8.4
16/07/2013,113.949997,8.4
15/07/2013,113.5,8.4
12/07/2013,113.5,8.4
11/07/2013,114,8.4
10/07/2013,114,7.9
08/07/2013,114,7.9
05/07/2013,114.099998,7.9
04/07/2013,114.004997,7.9
03/07/2013,119.300003,7.9
02/07/2013,116,7.9
01/07/2013,115.000999,7.9
28/06/2013,119.900002,7.9
27/06/2013,118,7.9
26/06/2013,119,7.9
25/06/2013,117.5,7.9
24/06/2013,112.900002,7.9
21/06/2013,117.5,7.9
20/06/2013,117,7.9
19/06/2013,120.300003,7.9
18/06/2013,120.300003,7.9
17/06/2013,123,7.9
14/06/2013,124.5,7.9
13/06/2013,124.5,7.9
12/06/2013,124,7.9
11/06/2013,124,7.9
10/06/2013,124.300003,7.9
07/06/2013,127.5,7.9
06/06/2013,124.400002,7.9
05/06/2013,127.999001,7.9
04/06/2013,130,7.9
03/06/2013,128,7.9
31/05/2013,128.501007,7.9
29/05/2013,129.201004,7.4
28/05/2013,128.600006,7.4
27/05/2013,128.5,7.4
24/05/2013,128,7.4
23/05/2013,128.399994,7.4
22/05/2013,129.5,7.4
21/05/2013,129,7.4
20/05/2013,129.800003,7.4
17/05/2013,129,7.4
16/05/2013,130,7.4
15/05/2013,127.599998,7.4
14/05/2013,127.5,7.4
13/05/2013,126.500999,7.4
10/05/2013,129,7.4
09/05/2013,129.649994,7.4
08/05/2013,129.649994,7.4
07/05/2013,127.099998,7.4
06/05/2013,129,7.4
03/05/2013,132.100006,7.4
02/05/2013,133.298004,7.4
30/04/2013,131.899994,7.4
29/04/2013,132,7.4
26/04/2013,131,7.4
25/04/2013,131,7.4
24/04/2013,127,7.4
23/04/2013,128,7.4
22/04/2013,128,7.4
19/04/2013,128,7.41
18/04/2013,128,7.41
17/04/2013,127,7.16
16/04/2013,126.800003,7.16
15/04/2013,129,7.16
12/04/2013,128.199997,7.16
11/04/2013,128.300003,7.16
10/04/2013,129,7.16
09/04/2013,128.899994,7.16
08/04/2013,129,7.16
05/04/2013,131,7.16
04/04/2013,131,7.16
03/04/2013,131,7.16
02/04/2013,129,7.16
01/04/2013,129,7.16
28/03/2013,128.570007,7.16
27/03/2013,128.699997,7.16
26/03/2013,126,7.16
25/03/2013,126,7.16
22/03/2013,128.699997,7.16
21/03/2013,128.699997,7.16
20/03/2013,128.699997,7.16
19/03/2013,128.699997,7.16
18/03/2013,127.900002,7.16
15/03/2013,126.499001,7.16
14/03/2013,126.5,7.16
13/03/2013,126.5,7.15
12/03/2013,126.5,7.14
11/03/2013,126,7.13
08/03/2013,126.900002,7.13
07/03/2013,126.900002,7.12
06/03/2013,126,7.14
05/03/2013,126,7.12
04/03/2013,126,7.12
01/03/2013,127.800003,7.14
28/02/2013,125.169998,7.2
27/02/2013,126,7.2
26/02/2013,128.899994,7.18
25/02/2013,129,7.11
22/02/2013,129,7.11
21/02/2013,129,7.11
20/02/2013,129,7.11
19/02/2013,129,7.11
18/02/2013,129,7.11
15/02/2013,129.399994,7.11
14/02/2013,129.399994,7.11
13/02/2013,129,7.11
08/02/2013,129,7.11
07/02/2013,129,7.11
06/02/2013,129.5,7.11
05/02/2013,128.5,7.11
04/02/2013,128.5,7.11
01/02/2013,129,7.11
31/01/2013,128.970001,7.11
30/01/2013,129.800003,7.11
29/01/2013,130,7.11
28/01/2013,129,7.11
24/01/2013,130,7.11
23/01/2013,130.5,7.11
22/01/2013,131,7.11
21/01/2013,131,7.11
18/01/2013,131,7.11
17/01/2013,131,7.11
16/01/2013,129,7.11
15/01/2013,130,7.11
14/01/2013,129,7.11
11/01/2013,129.5,7.11
10/01/2013,129.5,7.11
09/01/2013,129.800003,7.11
08/01/2013,129.800003,7.11
07/01/2013,129,7.11
04/01/2013,129.800003,7.11
03/01/2013,128,7.11
02/01/2013,128,7.11
28/12/2012,128.179993,7.27
27/12/2012,128,7.25
26/12/2012,128,7.24
21/12/2012,128.5,7.11
20/12/2012,125,7.11
19/12/2012,125,7.11
18/12/2012,125,7.11
17/12/2012,125,7.12
14/12/2012,125,7.12
13/12/2012,126.900002,7.13
12/12/2012,127,7.13
11/12/2012,128,7.13
10/12/2012,129,7.14
07/12/2012,129,7.14
06/12/2012,127,7.14
05/12/2012,128,7.14
04/12/2012,128,7.14
03/12/2012,128.5,7.14
30/11/2012,127.699997,7.14
29/11/2012,122.5,7.14
28/11/2012,121,7.14
27/11/2012,120,7.14
26/11/2012,120,7.14
23/11/2012,125,7.14
22/11/2012,120,7.14
21/11/2012,120,7.14
19/11/2012,120,7.14
16/11/2012,120,7.14
14/11/2012,120,7.14
13/11/2012,120,7.14
12/11/2012,120,7.14
09/11/2012,125,7.14
08/11/2012,125,7.14
07/11/2012,125,7.14
06/11/2012,125,7.14
05/11/2012,125,7.14
01/11/2012,129.899994,7.14
31/10/2012,126.199997,7.14
30/10/2012,125.599998,7.14
29/10/2012,125.599998,7.14
26/10/2012,125.599998,7.14
25/10/2012,129.899994,7.14
24/10/2012,129.899994,7.14
23/10/2012,129.899994,7.14
22/10/2012,130,7.14
19/10/2012,130,7.14
18/10/2012,130,7.14
17/10/2012,130,7.14
16/10/2012,130,7.14
15/10/2012,130,7.14
11/10/2012,130,7.14
10/10/2012,128.5,7.39
09/10/2012,127,7.39
08/10/2012,127,7.39
05/10/2012,124,7.39
04/10/2012,127,7.39
03/10/2012,126,7.39
02/10/2012,125,7.39
01/10/2012,125.099998,7.39
28/09/2012,128.199997,7.39
27/09/2012,128,7.39
26/09/2012,128,7.39
25/09/2012,130,7.39
24/09/2012,129.100006,7.39
21/09/2012,129.5,7.39
20/09/2012,129.5,7.39
19/09/2012,129.5,7.39
18/09/2012,129.800003,7.39
17/09/2012,129,7.39
14/09/2012,130,7.39
13/09/2012,129.899994,7.39
12/09/2012,130,7.39
11/09/2012,130,7.39
10/09/2012,129.800003,7.39
06/09/2012,128,7.39
05/09/2012,128.899002,7.39
04/09/2012,130,7.39
03/09/2012,130,7.39
31/08/2012,129.899994,7.39
30/08/2012,130,7.39
29/08/2012,130,7.89
28/08/2012,129.699997,7.89
27/08/2012,129.699997,7.89
24/08/2012,129.800003,7.89
23/08/2012,130.899994,7.89
22/08/2012,130.899994,7.89
21/08/2012,130.899002,7.89
20/08/2012,130.899002,7.89
17/08/2012,130,7.89
16/08/2012,130.100006,7.89
15/08/2012,131.498993,7.89
14/08/2012,131.399994,7.89
13/08/2012,131.399994,7.89
10/08/2012,131,7.89
09/08/2012,131.488998,7.89
08/08/2012,131.488998,7.89
07/08/2012,130.001007,7.89
06/08/2012,131.498993,7.89
03/08/2012,131.600006,7.89
02/08/2012,132,7.89
01/08/2012,132,7.89
31/07/2012,132.5,7.89
30/07/2012,132.5,7.89
27/07/2012,134.5,7.89
26/07/2012,134.5,7.89
25/07/2012,134.5,7.89
24/07/2012,133,7.89
23/07/2012,134,7.89
20/07/2012,135,7.89
19/07/2012,135,7.89
18/07/2012,135,7.89
17/07/2012,135,7.89
16/07/2012,135,7.89
13/07/2012,134,7.89
12/07/2012,134,7.89
11/07/2012,134,8.39
10/07/2012,133.699997,8.39
06/07/2012,134,8.39
05/07/2012,131.5,8.39
04/07/2012,130,8.39
03/07/2012,130,8.39
02/07/2012,130,8.39
29/06/2012,130,8.4
28/06/2012,130,8.39
27/06/2012,130,8.39
26/06/2012,130,8.39
25/06/2012,129.5,8.39
22/06/2012,130,8.39
21/06/2012,130,8.39
20/06/2012,130,8.39
19/06/2012,130,8.39
18/06/2012,130,8.39
15/06/2012,130,8.39
14/06/2012,129.5,8.39
13/06/2012,130,8.39
12/06/2012,130,8.39
11/06/2012,129.5,8.39
08/06/2012,130,8.39
06/06/2012,129,8.39
05/06/2012,128,8.39
04/06/2012,129.998993,8.39
01/06/2012,127,8.39
31/05/2012,126,8.39
30/05/2012,126,8.88
29/05/2012,126,8.89
28/05/2012,123.5,8.89
25/05/2012,125.800003,8.89
24/05/2012,126,8.89
23/05/2012,126,8.89
22/05/2012,126,8.89
21/05/2012,127,8.89
18/05/2012,127,8.89
17/05/2012,127,8.89
16/05/2012,126.5,8.89
15/05/2012,126.5,8.89
14/05/2012,126,8.89
11/05/2012,127.5,8.9
10/05/2012,127.5,8.9
09/05/2012,127.5,8.9
08/05/2012,125,8.9
07/05/2012,125,8.9
04/05/2012,126,8.9
03/05/2012,126,8.9
02/05/2012,127.999001,8.9
30/04/2012,127.999001,8.9
27/04/2012,127.999001,8.9
26/04/2012,127.999001,8.9
25/04/2012,127.5,8.9
24/04/2012,127,8.9
23/04/2012,126,8.9
20/04/2012,125,8.9
19/04/2012,128,8.9
18/04/2012,128,9.65
17/04/2012,127.5,9.65
16/04/2012,125.5,9.65
13/04/2012,125.5,9.65
12/04/2012,125,9.65
11/04/2012,125,9.65
10/04/2012,128,9.65
09/04/2012,128,9.65
05/04/2012,123.599998,9.65
04/04/2012,123.5,9.65
03/04/2012,124,9.65
02/04/2012,125,9.65
30/03/2012,125,9.65
29/03/2012,125,9.65
28/03/2012,120,9.65
27/03/2012,120,9.65
26/03/2012,120,9.65
23/03/2012,125,9.65
22/03/2012,125,9.65
21/03/2012,125,9.65
20/03/2012,125,9.65
19/03/2012,126,9.65
16/03/2012,127,9.65
15/03/2012,127,9.65
14/03/2012,129,9.65
13/03/2012,129,9.65
12/03/2012,129,9.65
09/03/2012,129,9.65
08/03/2012,129,9.65
07/03/2012,124,10.4
06/03/2012,124,10.4
05/03/2012,122,10.4
02/03/2012,121.5,10.4
01/03/2012,123,10.4
29/02/2012,123,10.4
28/02/2012,123,10.4
27/02/2012,123,10.4
24/02/2012,122,10.4
23/02/2012,121.5,10.4
17/02/2012,116.600998,10.4
16/02/2012,116.600998,10.4
15/02/2012,116.600998,10.4
14/02/2012,120,10.4
13/02/2012,122,10.4
10/02/2012,122,10.4
09/02/2012,122,10.4
08/02/2012,118,10.4
07/02/2012,121.899002,10.4
06/02/2012,121.899002,10.4
03/02/2012,119.5,10.4
02/02/2012,119.5,10.4
01/02/2012,119,10.4
31/01/2012,119,10.4
30/01/2012,118,10.4
27/01/2012,120,10.4
26/01/2012,120,10.4
24/01/2012,118,10.4
23/01/2012,118,10.4
20/01/2012,120,10.4
19/01/2012,115.5,10.4
18/01/2012,115,10.9
17/01/2012,115.5,10.9
16/01/2012,115.5,10.9
13/01/2012,116,10.9
12/01/2012,116,10.9
11/01/2012,116,10.9
10/01/2012,116,10.9
09/01/2012,116,10.9
06/01/2012,116,10.9
05/01/2012,116,10.9
04/01/2012,116.999001,10.9
03/01/2012,116.999001,10.9
02/01/2012,116.999001,10.9
29/12/2011,116.999001,10.9
28/12/2011,116.999001,10.9
27/12/2011,116.999001,10.9
26/12/2011,112.5,10.9
23/12/2011,112.800003,10.9
22/12/2011,112.800003,10.9
21/12/2011,112,10.9
20/12/2011,113,10.9
19/12/2011,111.5,10.9
16/12/2011,111.5,10.9
15/12/2011,112.5,10.9
14/12/2011,112.099998,10.9
13/12/2011,112.099998,10.9
12/12/2011,112,10.9
09/12/2011,112,10.9
08/12/2011,112,10.9
07/12/2011,112,10.9
06/12/2011,112,10.9
05/12/2011,112,10.9
02/12/2011,112,10.9
01/12/2011,110.000999,10.9
30/11/2011,111,11.4
29/11/2011,110.5,11.4
28/11/2011,111,11.4
25/11/2011,110,11.4
24/11/2011,110,11.4
23/11/2011,110,11.4
22/11/2011,110,11.4
21/11/2011,110,11.4
18/11/2011,111,11.4
17/11/2011,111,11.4
16/11/2011,115,11.4
14/11/2011,116,11.4
11/11/2011,116,11.4
10/11/2011,116,11.4
09/11/2011,116,11.4
08/11/2011,116.999001,11.4
07/11/2011,116.999001,11.4
04/11/2011,109,11.4
03/11/2011,108,11.4
01/11/2011,108,11.4
31/10/2011,108,11.4
28/10/2011,108,11.4
27/10/2011,109,11.4
26/10/2011,109,11.4
25/10/2011,109,11.4
24/10/2011,112,11.4
21/10/2011,112,11.4
20/10/2011,112,11.4
19/10/2011,112,11.89
18/10/2011,112.599998,11.9
17/10/2011,112.599998,11.9
14/10/2011,112.599998,11.9
13/10/2011,112.599998,11.9
11/10/2011,112.599998,11.9
10/10/2011,112.599998,11.9
07/10/2011,112.599998,11.9
06/10/2011,112.599998,11.9
05/10/2011,112.599998,11.9
04/10/2011,112.599998,11.9
03/10/2011,112.599998,11.9
30/09/2011,112.500999,11.9
29/09/2011,117,11.9
28/09/2011,117,11.9
27/09/2011,117,11.9
26/09/2011,117,11.9
23/09/2011,117,11.9
22/09/2011,117,11.9
21/09/2011,117,11.9
20/09/2011,117,11.9
19/09/2011,117,11.9
16/09/2011,117,11.91
15/09/2011,117,11.91
14/09/2011,117,11.91
13/09/2011,117,11.91
12/09/2011,117,11.91
09/09/2011,117,11.91
08/09/2011,117,11.91
06/09/2011,117,11.91
05/09/2011,117,11.91
02/09/2011,118,11.91
01/09/2011,118,11.91
31/08/2011,118,12.41
30/08/2011,115,12.41
29/08/2011,115,12.41
26/08/2011,115,12.41
25/08/2011,115,12.41
24/08/2011,115,12.42
23/08/2011,115,12.42
22/08/2011,115,12.42
19/08/2011,115,12.42
18/08/2011,111,12.42
17/08/2011,111,12.42
16/08/2011,111,12.42
15/08/2011,112,12.42
12/08/2011,112,12.42
11/08/2011,109.900002,12.42
10/08/2011,109.900002,12.42
09/08/2011,109.900002,12.42
08/08/2011,109.900002,12.42
05/08/2011,109.5,12.42
04/08/2011,109.5,12.42
03/08/2011,110,12.42
02/08/2011,109.099998,12.42
01/08/2011,109,12.42
29/07/2011,109,12.42
28/07/2011,109,12.42
27/07/2011,109,12.42
26/07/2011,109,12.42
25/07/2011,109,12.42
22/07/2011,109,12.42
21/07/2011,109,12.42
20/07/2011,109,12.17
19/07/2011,109,12.17
18/07/2011,109,12.17
15/07/2011,109,12.17
14/07/2011,108.5,12.17
13/07/2011,108.5,12.17
12/07/2011,108,12.17
11/07/2011,108,12.17
08/07/2011,108,12.17
07/07/2011,106.300003,12.17
06/07/2011,106.300003,12.17
05/07/2011,106.300003,12.17
04/07/2011,106.300003,12.17
01/07/2011,106.300003,12.17
30/06/2011,106.300003,12.17
29/06/2011,107.5,12.17
28/06/2011,107.5,12.17
27/06/2011,107.5,12.17
24/06/2011,106.099998,12.17
22/06/2011,106.099998,12.17
21/06/2011,106.5,12.17
20/06/2011,107,12.17
17/06/2011,106,12.17
16/06/2011,106,12.17
15/06/2011,106,12.17
14/06/2011,104.800003,12.17
13/06/2011,104.599998,12.17
10/06/2011,104,12.17
09/06/2011,104,12.17
08/06/2011,104,11.92
07/06/2011,104,11.92
06/06/2011,104,11.92
03/06/2011,104,11.92
02/06/2011,104.5,11.92
01/06/2011,104.5,11.92
31/05/2011,104.300003,11.92
30/05/2011,104.300003,11.92
27/05/2011,104.300003,11.92
26/05/2011,104.300003,11.92
25/05/2011,104.050003,11.92
24/05/2011,104,11.92
23/05/2011,103.989998,11.92
20/05/2011,104,11.92
19/05/2011,104,11.92
18/05/2011,104,11.92
17/05/2011,104,11.92
16/05/2011,104,11.92
13/05/2011,104,11.92
12/05/2011,104,11.92
11/05/2011,104,11.92
10/05/2011,104,11.92
09/05/2011,104,11.92
06/05/2011,104,11.92
05/05/2011,104,11.92
04/05/2011,104,11.92
03/05/2011,104,11.92
02/05/2011,104,11.92
29/04/2011,104.400002,11.92
28/04/2011,104.400002,11.92
27/04/2011,104.400002,11.92
26/04/2011,104.400002,11.92
25/04/2011,104.400002,11.92
20/04/2011,104.400002,11.67
19/04/2011,104.400002,11.67
18/04/2011,104.400002,11.67
15/04/2011,104.400002,11.67
14/04/2011,104.400002,11.67
13/04/2011,104.400002,11.67
12/04/2011,104.400002,11.67
11/04/2011,104.400002,11.67
08/04/2011,104.400002,11.67
07/04/2011,104.400002,11.67
06/04/2011,104.400002,11.67
05/04/2011,104.400002,11.67
04/04/2011,104.400002,11.67
01/04/2011,104.400002,11.67
31/03/2011,104.401001,11.67
30/03/2011,104.401001,11.67
29/03/2011,104.401001,11.67
28/03/2011,104.401001,11.67
25/03/2011,104.400002,11.67
24/03/2011,104.400002,11.67
23/03/2011,104.400002,11.67
22/03/2011,104.400002,11.67
21/03/2011,104.399002,11.67
18/03/2011,104.399002,11.67
17/03/2011,104.399002,11.67
16/03/2011,104.399002,11.67
15/03/2011,104.399002,11.67
14/03/2011,104.399002,11.67
11/03/2011,104.399002,11.67
10/03/2011,104.399002,11.67
09/03/2011,104.399002,11.67
04/03/2011,104.399002,11.67
03/03/2011,104.399002,11.67
02/03/2011,104.399002,11.17
